case_id,human_gt,agent_original,P_case_EnvFail,P_case_AgentRetryFail,P_case_AgentReasoningFail,P_case_AgentFail,corrected_label,action,agent_fail_type
web_0_1,0,0.0,0.9999997648039614,1.9175233772635837e-07,4.344370084830618e-08,2.3519603857466454e-07,0,keep_EnvFail_or_AgentFail,
web_0_2,1,0.0,0.00010990559479640312,0.7377268477817951,0.2621632466234084,0.9998900944052035,1,flip_to_AgentRetryFail,AgentRetryFail
web_0_3,1,1.0,6.147346588089331e-05,0.9983895829547955,0.001548943579323586,0.9999385265341191,1,keep_AgentJudge,AgentRetryFail
web_0_4,1,1.0,0.001166179649501471,0.9909182616574874,0.007915558693011079,0.9988338203504985,1,keep_AgentJudge,AgentRetryFail
web_0_5,0,0.0,2.849013147230863e-07,0.6197174867971373,0.3802822283015479,0.9999997150986852,1,flip_to_AgentRetryFail,AgentRetryFail
web_100_1,1,1.0,0.0004230852765474258,0.9916554671558323,0.00792144756762037,0.9995769147234527,1,keep_AgentJudge,AgentRetryFail
web_100_2,1,0.0,0.0018956968123813537,0.8137417389800388,0.18436256420757985,0.9981043031876187,1,flip_to_AgentRetryFail,AgentRetryFail
web_100_3,1,1.0,0.008805462443639542,0.9833395186549518,0.007855018901408618,0.9911945375563604,1,keep_AgentJudge,AgentRetryFail
web_100_4,1,,1.060372686044986e-15,0.9997894370010209,0.00021056299897807064,0.9999999999999989,1,from_model,AgentRetryFail
web_100_5,1,1.0,4.699954154447759e-13,0.9999803736944959,1.9626305034052272e-05,0.9999999999995299,1,keep_AgentJudge,AgentRetryFail
web_101_1,1,1.0,0.008805462443639542,0.9833395186549518,0.007855018901408618,0.9911945375563604,1,keep_AgentJudge,AgentRetryFail
web_101_2,0,1.0,7.310611350234314e-09,0.9996987638633629,0.000301228826025978,0.9999999926893889,1,keep_AgentJudge,AgentRetryFail
web_101_3,1,0.0,4.1481542304991735e-14,0.9999215927519007,7.840724805778895e-05,0.9999999999999585,1,flip_to_AgentRetryFail,AgentRetryFail
web_101_4,1,1.0,2.6307441868611954e-12,0.9999886340387466,1.1365958622678124e-05,0.9999999999973693,1,keep_AgentJudge,AgentRetryFail
web_101_5,0,1.0,1.1204259449713836e-10,0.9999934176726073,6.582215350224965e-06,0.9999999998879575,1,keep_AgentJudge,AgentRetryFail
web_102_1,1,0.0,6.132826934346354e-06,0.5416896562364705,0.45830421093659535,0.9999938671730658,1,flip_to_AgentRetryFail,AgentRetryFail
web_102_2,1,0.0,1.1000023126719852e-07,0.48552744202054005,0.5144724479792286,0.9999998899997686,1,flip_to_AgentReasoningFail,AgentReasoningFail
web_102_3,0,0.0,0.0010160074651751664,0.4850341958687738,0.5139497966660511,0.998983992534825,1,flip_to_AgentReasoningFail,AgentReasoningFail
web_102_4,0,0.0,0.0003779222117911755,0.4295627876470962,0.5700592901411127,0.9996220777882089,1,flip_to_AgentReasoningFail,AgentReasoningFail
web_102_5,0,0.0,1.0,4.836086624919299e-21,1.9551016132426617e-21,6.79118823816196e-21,0,keep_EnvFail_or_AgentFail,
web_103_1,1,1.0,0.0032102312340552,0.9888904087738182,0.007899359992126683,0.9967897687659448,1,keep_AgentJudge,AgentRetryFail
web_103_2,1,1.0,0.0008610125263668477,0.9945382318776455,0.004600755595987651,0.9991389874736331,1,keep_AgentJudge,AgentRetryFail
web_103_3,0,0.0,0.001895696812381355,0.8137417389800387,0.18436256420758,0.9981043031876187,1,flip_to_AgentRetryFail,AgentRetryFail
web_103_4,0,0.0,1.0,3.6293365844072446e-17,2.0000932556902217e-18,3.8293459099762666e-17,0,keep_EnvFail_or_AgentFail,
web_104_1,1,1.0,8.346975322754292e-05,0.9972449178456906,0.002671612401081862,0.9999165302467724,1,keep_AgentJudge,AgentRetryFail
web_104_2,1,1.0,0.0032102312340552,0.9888904087738182,0.007899359992126683,0.9967897687659448,1,keep_AgentJudge,AgentRetryFail
web_104_3,1,0.0,0.00032351566702131407,0.6709384648398127,0.32873801949316606,0.9996764843329787,1,flip_to_AgentRetryFail,AgentRetryFail
web_104_4,1,0.0,0.045597289458039515,0.6860180229566244,0.26838468758533607,0.9544027105419605,1,flip_to_AgentRetryFail,AgentRetryFail
web_104_5,1,1.0,1.6405533103658504e-05,0.9990859541509088,0.0008976403159875062,0.9999835944668963,1,keep_AgentJudge,AgentRetryFail
web_10_1,0,0.0,0.9999998447129065,6.673077578991691e-08,8.855631765900926e-08,1.552870934489262e-07,0,keep_EnvFail_or_AgentFail,
web_10_2,0,0.0,0.9999999882808633,5.971523697795827e-09,5.7476128869390955e-09,1.1719136584734922e-08,0,keep_EnvFail_or_AgentFail,
web_10_3,0,0.0,0.9999999998691977,1.1563079502595994e-10,1.517132799553762e-11,1.3080212302149757e-10,0,keep_EnvFail_or_AgentFail,
web_10_4,0,0.0,4.176163883406679e-08,0.6119534822723188,0.38804647596604236,0.9999999582383612,1,flip_to_AgentRetryFail,AgentRetryFail
web_10_5,0,0.0,1.0,2.478391261256802e-28,1.1269402406921727e-29,2.591085285326019e-28,0,keep_EnvFail_or_AgentFail,
web_11_1,0,0.0,0.9999999999968514,3.12200631648833e-12,2.668108935766638e-14,3.1486874058459965e-12,0,keep_EnvFail_or_AgentFail,
web_11_2,1,1.0,6.147346588089331e-05,0.9983895829547955,0.001548943579323586,0.9999385265341191,1,keep_AgentJudge,AgentRetryFail
web_11_3,1,1.0,0.0006347616351480191,0.9966950989249462,0.0026701394399057973,0.999365238364852,1,keep_AgentJudge,AgentRetryFail
web_11_4,1,1.0,2.0853538351314817e-07,0.9994797506437673,0.000520040820849185,0.9999997914646165,1,keep_AgentJudge,AgentRetryFail
web_11_5,1,1.0,1.2073041729731578e-05,0.9994678923074498,0.000520034650820279,0.9999879269582701,1,keep_AgentJudge,AgentRetryFail
web_12_1,1,0.0,0.0011702784982725895,0.9282954407356857,0.07053428076604161,0.9988297215017273,1,flip_to_AgentRetryFail,AgentRetryFail
web_12_2,1,1.0,0.000312311073296387,0.9950844067139866,0.004603282212717046,0.9996876889267036,1,keep_AgentJudge,AgentRetryFail
web_12_3,1,1.0,0.0032102312340552,0.9888904087738182,0.007899359992126683,0.9967897687659448,1,keep_AgentJudge,AgentRetryFail
web_12_4,0,1.0,0.9976265163569407,0.0023546742588547594,1.8809384204617352e-05,0.0023734836430593766,0,flip_to_EnvFail,
web_12_5,1,1.0,0.005936784902591993,0.9714609515458396,0.022602263551568396,0.9940632150974079,1,keep_AgentJudge,AgentRetryFail
web_13_1,1,1.0,1.167497116977429e-06,0.9996976040263387,0.00030122847654435683,0.999998832502883,1,keep_AgentJudge,AgentRetryFail
web_13_2,1,1.0,6.147346588089331e-05,0.9983895829547955,0.001548943579323586,0.9999385265341191,1,keep_AgentJudge,AgentRetryFail
web_13_3,1,0.0,0.002271110867274002,0.7171605784531658,0.2805683106795601,0.997728889132726,1,flip_to_AgentRetryFail,AgentRetryFail
web_13_4,1,1.0,0.0032102312340552,0.9888904087738182,0.007899359992126683,0.9967897687659448,1,keep_AgentJudge,AgentRetryFail
web_14_1,0,0.0,0.0005489115723346625,0.8835278914047773,0.11592319702288804,0.9994510884276653,1,flip_to_AgentRetryFail,AgentRetryFail
web_14_2,0,1.0,1.6405533103658504e-05,0.9990859541509088,0.0008976403159875062,0.9999835944668963,1,keep_AgentJudge,AgentRetryFail
web_14_3,0,0.0,4.9047035165778674e-12,0.9410051573162009,0.05899484267889431,0.9999999999950953,1,flip_to_AgentRetryFail,AgentRetryFail
web_14_4,0,0.0,1.0,1.5781472935476482e-24,1.1016886081996878e-24,2.679835901747336e-24,0,keep_EnvFail_or_AgentFail,
web_14_5,0,0.0,0.9999999998691977,1.1563079502595994e-10,1.517132799553762e-11,1.3080212302149757e-10,0,keep_EnvFail_or_AgentFail,
web_15_1,1,1.0,2.228661926699168e-05,0.9984287090994634,0.0015490042812695984,0.9999777133807329,1,keep_AgentJudge,AgentRetryFail
web_15_2,1,1.0,0.00023021091739507007,0.9970985687497629,0.0026712203328420813,0.9997697890826049,1,keep_AgentJudge,AgentRetryFail
web_15_3,1,1.0,1.027294122802038e-07,0.9991022423203062,0.0008976549502814466,0.9999998972705877,1,keep_AgentJudge,AgentRetryFail
web_15_4,1,1.0,0.001166179649501471,0.9909182616574874,0.007915558693011079,0.9988338203504985,1,keep_AgentJudge,AgentRetryFail
web_15_5,1,1.0,0.0023714444739768976,0.9930347550467133,0.004593800479309744,0.9976285555260231,1,keep_AgentJudge,AgentRetryFail
web_16_1,1,0.0,0.006239760627662636,0.7143079406385866,0.2794522987337507,0.9937602393723373,1,flip_to_AgentRetryFail,AgentRetryFail
web_16_2,0,0.0,1.844321264132792e-07,0.8588689448265634,0.14113087074131028,0.9999998155678737,1,flip_to_AgentRetryFail,AgentRetryFail
web_16_3,0,0.0,0.00011730711859650215,0.6710768628606575,0.32880583002074604,0.9998826928814035,1,flip_to_AgentRetryFail,AgentRetryFail
web_17_1,1,0.0,5.167260956432785e-06,0.7187893229399188,0.2812055097991249,0.9999948327390438,1,flip_to_AgentRetryFail,AgentRetryFail
web_17_2,1,0.0,4.0448576955414166e-08,0.5533475693115061,0.44665239023991693,0.9999999595514231,1,flip_to_AgentRetryFail,AgentRetryFail
web_17_3,0,1.0,0.0023714444739768976,0.9930347550467133,0.004593800479309744,0.9976285555260231,1,keep_AgentJudge,AgentRetryFail
web_17_4,1,0.0,2.4951937703717664e-07,0.7378077529045804,0.26219199757604256,0.9999997504806231,1,flip_to_AgentRetryFail,AgentRetryFail
web_17_5,0,0.0,9.486251232624062e-06,0.8840047504747629,0.1159857632740044,0.9999905137487672,1,flip_to_AgentRetryFail,AgentRetryFail
web_18_1,0,0.0,0.9999969161181488,2.514249635550162e-06,5.696322158047404e-07,3.0838818513549023e-06,0,keep_EnvFail_or_AgentFail,
web_18_2,0,0.0,0.9999997648039614,1.9175233772635837e-07,4.344370084830618e-08,2.3519603857466454e-07,0,keep_EnvFail_or_AgentFail,
web_18_3,0,0.0,0.9999999999920777,6.570237164168007e-12,1.3521385756432532e-12,7.922375739811261e-12,0,keep_EnvFail_or_AgentFail,
web_18_4,0,0.0,0.9999999998308708,1.571857425627927e-10,1.1943377950403669e-11,1.6912912051319637e-10,0,keep_EnvFail_or_AgentFail,
web_19_1,0,0.0,0.001895696812381357,0.8137417389800387,0.18436256420758015,0.9981043031876188,1,flip_to_AgentRetryFail,AgentRetryFail
web_19_2,1,0.0,0.9999999878561835,5.896156740464039e-09,6.247659615926411e-09,1.214381635639045e-08,0,keep_EnvFail_or_AgentFail,
web_19_3,1,1.0,0.0023714444739768976,0.9930347550467133,0.004593800479309744,0.9976285555260231,1,keep_AgentJudge,AgentRetryFail
web_19_4,0,0.0,6.353713292738973e-05,0.9130497253611614,0.08688673750591124,0.9999364628670726,1,flip_to_AgentRetryFail,AgentRetryFail
web_19_5,0,0.0,2.224011036823249e-07,0.9950749671490183,0.0049248104498778545,0.9999997775988961,1,flip_to_AgentRetryFail,AgentRetryFail
web_1_1,0,0.0,0.999999618736595,3.543397567581954e-07,2.6923648219090813e-08,3.812634049772862e-07,0,keep_EnvFail_or_AgentFail,
web_1_2,1,1.0,0.008805462443639542,0.9833395186549518,0.007855018901408618,0.9911945375563604,1,keep_AgentJudge,AgentRetryFail
web_1_3,1,0.0,0.000824531071521339,0.7182003699380075,0.280975098990471,0.9991754689284785,1,flip_to_AgentRetryFail,AgentRetryFail
web_1_4,0,0.0,6.838515844885599e-10,0.9915262812551293,0.008473718061019138,0.9999999993161485,1,flip_to_AgentRetryFail,AgentRetryFail
web_1_5,1,1.0,0.00792326528958331,0.9537588752984442,0.03831785941197235,0.9920767347104165,1,keep_AgentJudge,AgentRetryFail
web_20_1,1,1.0,0.0032102312340552,0.9888904087738182,0.007899359992126683,0.9967897687659448,1,keep_AgentJudge,AgentRetryFail
web_20_2,1,1.0,0.0023714444739768976,0.9930347550467133,0.004593800479309744,0.9976285555260231,1,keep_AgentJudge,AgentRetryFail
web_20_3,1,1.0,5.162413069249302e-07,0.9975719244656444,0.0024275592930485933,0.999999483758693,1,keep_AgentJudge,AgentRetryFail
web_20_4,1,1.0,3.773894179771288e-14,0.9986789400617403,0.0013210599382219264,0.9999999999999623,1,keep_AgentJudge,AgentRetryFail
web_20_5,1,0.0,3.3621730145861968e-09,1.6005350888307685e-05,0.9999839912869386,0.9999999966378269,1,flip_to_AgentReasoningFail,AgentReasoningFail
web_21_1,0,0.0,8.74251647871026e-05,0.9750654763028969,0.02484709853231618,0.999912574835213,1,flip_to_AgentRetryFail,AgentRetryFail
web_21_2,0,1.0,0.002097407798407961,0.9767695516517063,0.021133040549885768,0.997902592201592,1,keep_AgentJudge,AgentRetryFail
web_21_3,0,0.0,0.9999999988737469,8.309585063764901e-10,2.952946344517924e-10,1.1262531408282825e-09,0,keep_EnvFail_or_AgentFail,
web_21_4,0,1.0,0.008805462443639542,0.9833395186549518,0.007855018901408618,0.9911945375563604,1,keep_AgentJudge,AgentRetryFail
web_21_5,0,0.0,0.0018956968123813537,0.8137417389800388,0.18436256420757985,0.9981043031876187,1,flip_to_AgentRetryFail,AgentRetryFail
web_22_1,1,,1.669962548353009e-17,0.999999874132491,1.2586750897268972e-07,1.0,1,from_model,AgentRetryFail
web_22_2,1,1.0,1.586719672381571e-06,0.9994783731761906,0.0005200401041369459,0.9999984132803276,1,keep_AgentJudge,AgentRetryFail
web_22_3,1,1.0,4.5252058937288704e-05,0.9990571335193046,0.0008976144217581332,0.9999547479410628,1,keep_AgentJudge,AgentRetryFail
web_22_4,1,1.0,0.0023714444739768976,0.9930347550467133,0.004593800479309744,0.9976285555260231,1,keep_AgentJudge,AgentRetryFail
web_22_5,0,0.0,7.11452467126152e-09,0.9167686038020536,0.08323138908342162,0.9999999928854753,1,flip_to_AgentRetryFail,AgentRetryFail
web_23_1,0,0.0,0.006239760627662636,0.7143079406385866,0.2794522987337507,0.9937602393723373,1,flip_to_AgentRetryFail,AgentRetryFail
web_23_2,1,0.0,3.4955330942362414e-07,0.9293827528993259,0.07061689754736468,0.9999996504466906,1,flip_to_AgentRetryFail,AgentRetryFail
web_23_3,0,1.0,0.9999999887161003,1.125375089235533e-08,3.014872265045171e-11,1.1283899615005782e-08,0,flip_to_EnvFail,
web_23_4,0,0.0,0.001895696812381355,0.8137417389800387,0.18436256420758,0.9981043031876187,1,flip_to_AgentRetryFail,AgentRetryFail
web_23_5,1,0.0,0.9999999999228719,4.603144342402525e-11,3.109659683160303e-11,7.712804025562828e-11,0,keep_EnvFail_or_AgentFail,
web_24_1,0,1.0,0.9999812517454704,1.866192406124965e-05,8.633046855784814e-08,1.87482545298075e-05,0,flip_to_EnvFail,
web_24_2,0,1.0,0.0009962262327488313,0.9932492292749701,0.005754544492281033,0.9990037737672511,1,keep_AgentJudge,AgentRetryFail
web_24_3,0,0.0,2.292160695172898e-06,0.9915240091956145,0.008473698643690377,0.9999977078393049,1,flip_to_AgentRetryFail,AgentRetryFail
web_24_4,0,0.0,0.9999999999968514,3.12200631648833e-12,2.668108935766638e-14,3.1486874058459965e-12,0,keep_EnvFail_or_AgentFail,
web_24_5,1,1.0,0.0032102312340552,0.9888904087738182,0.007899359992126683,0.9967897687659448,1,keep_AgentJudge,AgentRetryFail
web_25_1,1,0.0,0.0001338130897631694,0.9476425000445016,0.05222368686573527,0.9998661869102369,1,flip_to_AgentRetryFail,AgentRetryFail
web_25_2,0,1.0,0.0008610125263668477,0.9945382318776455,0.004600755595987651,0.9991389874736331,1,keep_AgentJudge,AgentRetryFail
web_25_3,0,1.0,0.0023714444739768976,0.9930347550467133,0.004593800479309744,0.9976285555260231,1,keep_AgentJudge,AgentRetryFail
web_25_4,1,0.0,3.304958876659026e-05,0.8424771915231887,0.15748975888804473,0.9999669504112334,1,flip_to_AgentRetryFail,AgentRetryFail
web_26_1,0,0.0,1.0,6.426068514877001e-26,1.419088937246568e-27,6.567977408601658e-26,0,keep_EnvFail_or_AgentFail,
web_26_2,1,0.0,4.0700343120393105e-07,0.9854569448846139,0.014542648111954916,0.9999995929965688,1,flip_to_AgentRetryFail,AgentRetryFail
web_26_3,1,1.0,6.147346588089331e-05,0.9983895829547955,0.001548943579323586,0.9999385265341191,1,keep_AgentJudge,AgentRetryFail
web_26_4,1,0.0,0.9999999709225504,2.7024089462352874e-08,2.0533599864215627e-09,2.9077449448774437e-08,0,keep_EnvFail_or_AgentFail,
web_26_5,0,0.0,2.7788110583431833e-07,0.5968183617811776,0.40318136033771645,0.9999997221188941,1,flip_to_AgentRetryFail,AgentRetryFail
web_27_1,0,0.0,0.9999999960943831,3.808565192909144e-09,9.705173336028046e-11,3.905616926269424e-09,0,keep_EnvFail_or_AgentFail,
web_27_2,0,0.0,0.9999999999932176,6.031130507452785e-13,6.179330151766075e-12,6.782443202511354e-12,0,keep_EnvFail_or_AgentFail,
web_27_3,0,0.0,0.9999999867397957,7.913935732667922e-09,5.346268778996116e-09,1.3260204511664037e-08,0,keep_EnvFail_or_AgentFail,
web_27_4,0,0.0,0.999999999999925,6.97278467406682e-14,5.298101556246013e-15,7.502594829691421e-14,0,keep_EnvFail_or_AgentFail,
web_27_5,0,0.0,0.9999999867397957,7.913935732667922e-09,5.346268778996116e-09,1.3260204511664037e-08,0,keep_EnvFail_or_AgentFail,
web_28_1,1,0.0,0.014245664025691792,0.8036729678461898,0.1820813681281183,0.9857543359743081,1,flip_to_AgentRetryFail,AgentRetryFail
web_28_2,1,0.0,0.9999999999911373,7.611895128330864e-12,1.250800129546903e-12,8.862695257877767e-12,0,keep_EnvFail_or_AgentFail,
web_28_3,1,1.0,0.0023714444739768976,0.9930347550467133,0.004593800479309744,0.9976285555260231,1,keep_AgentJudge,AgentRetryFail
web_28_4,0,0.0,0.0004245734325579982,0.928988486404767,0.070586940162675,0.999575426567442,1,flip_to_AgentRetryFail,AgentRetryFail
web_28_5,0,1.0,0.0032102312340552,0.9888904087738182,0.007899359992126683,0.9967897687659448,1,keep_AgentJudge,AgentRetryFail
web_29_1,0,0.0,4.248944200781525e-12,0.9565070186157261,0.043492981380024845,0.999999999995751,1,flip_to_AgentRetryFail,AgentRetryFail
web_29_2,0,,5.611115904985335e-15,0.9963351322383036,0.0036648677616909074,0.9999999999999946,1,from_model,AgentRetryFail
web_29_3,0,0.0,2.475933066731064e-12,0.0018935580103763999,0.9981064419871477,0.9999999999975241,1,flip_to_AgentReasoningFail,AgentReasoningFail
web_29_4,0,0.0,1.0,3.217745931780578e-23,1.1434784064336656e-23,4.3612243382142434e-23,0,keep_EnvFail_or_AgentFail,
web_29_5,0,0.0,5.555412584025573e-14,0.971827200939157,0.02817279906078767,0.9999999999999446,1,flip_to_AgentRetryFail,AgentRetryFail
web_2_1,1,1.0,0.008805462443639542,0.9833395186549518,0.007855018901408618,0.9911945375563604,1,keep_AgentJudge,AgentRetryFail
web_2_2,0,1.0,2.129095237190004e-06,0.9991824191156546,0.0008154517891083035,0.999997870904763,1,keep_AgentJudge,AgentRetryFail
web_2_3,1,1.0,0.0008610125263668477,0.9945382318776455,0.004600755595987651,0.9991389874736331,1,keep_AgentJudge,AgentRetryFail
web_2_4,1,1.0,0.0009962262327488304,0.9932492292749701,0.005754544492281028,0.9990037737672511,1,keep_AgentJudge,AgentRetryFail
web_2_5,1,0.0,8.54232542168747e-06,0.9854489278717966,0.014542529802781753,0.9999914576745783,1,flip_to_AgentRetryFail,AgentRetryFail
web_30_1,0,0.0,0.9999999998514135,1.3567549080383963e-10,1.2911017251328796e-11,1.4858650805516842e-10,0,keep_EnvFail_or_AgentFail,
web_30_2,0,0.0,3.294847729450485e-05,0.829299303723067,0.1706677477996385,0.9999670515227055,1,flip_to_AgentRetryFail,AgentRetryFail
web_30_3,0,0.0,0.9999999999999418,5.194966537344716e-14,6.1913713031273555e-15,5.814103667657452e-14,0,keep_EnvFail_or_AgentFail,
web_30_4,0,1.0,0.9998185861252838,0.00017997620596301808,1.437668753084439e-06,0.00018141387471610253,0,flip_to_EnvFail,
web_30_5,0,0.0,0.9999999999900242,8.818699538075872e-12,1.1570566747051085e-12,9.975756212780981e-12,0,keep_EnvFail_or_AgentFail,
web_31_1,1,1.0,0.0003123110732963875,0.9950844067139866,0.00460328221271705,0.9996876889267036,1,keep_AgentJudge,AgentRetryFail
web_31_2,1,1.0,0.0008610125263668477,0.9945382318776455,0.004600755595987651,0.9991389874736331,1,keep_AgentJudge,AgentRetryFail
web_31_3,1,1.0,0.008805462443639542,0.9833395186549518,0.007855018901408618,0.9911945375563604,1,keep_AgentJudge,AgentRetryFail
web_31_4,0,0.0,0.999999999992043,6.487313811164492e-12,1.4697756692985304e-12,7.957089480463022e-12,0,keep_EnvFail_or_AgentFail,
web_31_5,0,0.0,0.9999999999992393,6.725670399197711e-13,8.8244097598048e-14,7.608111375178191e-13,0,keep_EnvFail_or_AgentFail,
web_32_1,1,1.0,0.013673580278009334,0.969576720319742,0.01674969940224876,0.9863264197219908,1,keep_AgentJudge,AgentRetryFail
web_32_2,1,0.0,0.0007615934665190351,0.7783764677541303,0.22086193877935065,0.999238406533481,1,flip_to_AgentRetryFail,AgentRetryFail
web_32_3,1,1.0,0.0013481252857174238,0.9887599761317596,0.00989189858252296,0.9986518747142825,1,keep_AgentJudge,AgentRetryFail
web_32_4,1,1.0,0.0004891511967199425,0.9896104418658553,0.009900406937424722,0.99951084880328,1,keep_AgentJudge,AgentRetryFail
web_32_5,1,1.0,3.3921365768168407e-06,0.9980573476413725,0.0019392602220504964,0.999996607863423,1,keep_AgentJudge,AgentRetryFail
web_33_1,1,1.0,0.008805462443639542,0.9833395186549518,0.007855018901408618,0.9911945375563604,1,keep_AgentJudge,AgentRetryFail
web_33_2,1,1.0,4.5252058937288704e-05,0.9990571335193046,0.0008976144217581332,0.9999547479410628,1,keep_AgentJudge,AgentRetryFail
web_33_3,1,1.0,0.008805462443639542,0.9833395186549518,0.007855018901408618,0.9911945375563604,1,keep_AgentJudge,AgentRetryFail
web_33_4,1,0.0,0.005211756548479936,0.811038197669179,0.1837500457823411,0.9947882434515201,1,flip_to_AgentRetryFail,AgentRetryFail
web_33_5,1,1.0,0.0006347616351480191,0.9966950989249462,0.0026701394399057973,0.999365238364852,1,keep_AgentJudge,AgentRetryFail
web_34_1,0,0.0,0.002271110867274002,0.7171605784531658,0.2805683106795601,0.997728889132726,1,flip_to_AgentRetryFail,AgentRetryFail
web_34_2,0,0.0,8.369785579748242e-07,0.4855270890525739,0.5144720739688682,0.9999991630214421,1,flip_to_AgentReasoningFail,AgentReasoningFail
web_34_3,0,1.0,7.064729797642974e-08,0.9845503458341432,0.015449583518558801,0.9999999293527021,1,keep_AgentJudge,AgentRetryFail
web_34_4,0,0.0,2.037953531190337e-06,0.13851819421035994,0.8614797678361088,0.9999979620464687,1,flip_to_AgentReasoningFail,AgentReasoningFail
web_34_5,0,0.0,0.014245664025691792,0.8036729678461898,0.1820813681281183,0.9857543359743081,1,flip_to_AgentRetryFail,AgentRetryFail
web_35_1,1,1.0,6.888859338942024e-06,0.9988691452545646,0.0011239658860963946,0.999993111140661,1,keep_AgentJudge,AgentRetryFail
web_35_2,1,1.0,4.798147547981099e-10,0.997491650579451,0.0025083489407342714,0.9999999995201853,1,keep_AgentJudge,AgentRetryFail
web_35_3,1,1.0,3.488053081607778e-08,0.9998734200261004,0.00012654509336893982,0.9999999651194693,1,keep_AgentJudge,AgentRetryFail
web_35_4,1,1.0,3.801518675292976e-07,0.9985923486434082,0.0014072712047241975,0.9999996198481323,1,keep_AgentJudge,AgentRetryFail
web_35_5,1,1.0,0.008805462443639542,0.9833395186549518,0.007855018901408618,0.9911945375563604,1,keep_AgentJudge,AgentRetryFail
web_36_1,0,0.0,0.9999999999994937,3.6396221672800073e-13,1.423896786390809e-13,5.063518953670816e-13,0,keep_EnvFail_or_AgentFail,
web_36_2,0,0.0,0.9999999999933609,4.7722728620912765e-12,1.867013574431011e-12,6.6392864365222875e-12,0,keep_EnvFail_or_AgentFail,
web_36_3,0,0.0,1.0,1.1247728932596395e-23,2.8662016638376683e-25,1.1534349098980162e-23,0,keep_EnvFail_or_AgentFail,
web_36_4,0,0.0,0.9999999999998852,1.1121766760898535e-13,3.5494472047099104e-15,1.1476711481369526e-13,0,keep_EnvFail_or_AgentFail,
web_36_5,0,0.0,0.9999999999999998,2.1947701439224148e-16,4.972504569901448e-17,2.6920206009125596e-16,0,keep_EnvFail_or_AgentFail,
web_37_1,0,1.0,0.0023714444739768976,0.9930347550467133,0.004593800479309744,0.9976285555260231,1,keep_AgentJudge,AgentRetryFail
web_37_2,0,1.0,0.0023714444739768976,0.9930347550467133,0.004593800479309744,0.9976285555260231,1,keep_AgentJudge,AgentRetryFail
web_37_3,0,1.0,0.0008610125263668477,0.9945382318776455,0.004600755595987651,0.9991389874736331,1,keep_AgentJudge,AgentRetryFail
web_38_1,1,1.0,0.008805462443639542,0.9833395186549518,0.007855018901408618,0.9911945375563604,1,keep_AgentJudge,AgentRetryFail
web_38_2,1,1.0,2.228661926699168e-05,0.9984287090994634,0.0015490042812695984,0.9999777133807329,1,keep_AgentJudge,AgentRetryFail
web_38_3,1,1.0,0.008805462443639542,0.9833395186549518,0.007855018901408618,0.9911945375563604,1,keep_AgentJudge,AgentRetryFail
web_38_4,1,1.0,4.5252058937288704e-05,0.9990571335193046,0.0008976144217581332,0.9999547479410628,1,keep_AgentJudge,AgentRetryFail
web_38_5,1,1.0,1.2073041729731578e-05,0.9994678923074498,0.000520034650820279,0.9999879269582701,1,keep_AgentJudge,AgentRetryFail
web_39_1,1,1.0,0.0004230852765474258,0.9916554671558323,0.00792144756762037,0.9995769147234527,1,keep_AgentJudge,AgentRetryFail
web_39_2,1,0.0,1.1892828673061866e-05,0.8152775803993217,0.1847105267720051,0.9999881071713268,1,flip_to_AgentRetryFail,AgentRetryFail
web_39_3,1,1.0,5.396082688367798e-06,0.9953899084469013,0.004604695470410154,0.9999946039173115,1,keep_AgentJudge,AgentRetryFail
web_39_4,1,1.0,0.0032102312340552,0.9888904087738182,0.007899359992126683,0.9967897687659448,1,keep_AgentJudge,AgentRetryFail
web_39_5,1,1.0,0.0032102312340552,0.9888904087738182,0.007899359992126683,0.9967897687659448,1,keep_AgentJudge,AgentRetryFail
web_3_1,1,1.0,4.5252058937288704e-05,0.9990571335193046,0.0008976144217581332,0.9999547479410628,1,keep_AgentJudge,AgentRetryFail
web_3_2,0,0.0,0.9999999960943831,3.808565192909144e-09,9.705173336028046e-11,3.905616926269424e-09,0,keep_EnvFail_or_AgentFail,
web_3_3,0,0.0,0.9999974268499237,1.8495623584174982e-06,7.235877179933282e-07,2.573150076410826e-06,0,keep_EnvFail_or_AgentFail,
web_3_4,0,0.0,0.9999999709225504,2.7024089462352874e-08,2.0533599864215627e-09,2.9077449448774437e-08,0,keep_EnvFail_or_AgentFail,
web_3_5,0,0.0,0.9999999999999925,7.228978410341142e-15,3.1809357072398677e-16,7.547071981065128e-15,0,keep_EnvFail_or_AgentFail,
web_40_1,1,1.0,0.011864656629244621,0.9746907812830923,0.013444562087662983,0.9881353433707553,1,keep_AgentJudge,AgentRetryFail
web_40_2,1,0.0,5.675534195175827e-13,0.9477693239855887,0.05223067601384373,0.9999999999994323,1,flip_to_AgentRetryFail,AgentRetryFail
web_40_3,0,0.0,5.224770688807626e-15,0.9974032958861346,0.0025967041138600425,0.9999999999999947,1,flip_to_AgentRetryFail,AgentRetryFail
web_40_4,0,1.0,0.008805462443639542,0.9833395186549518,0.007855018901408618,0.9911945375563604,1,keep_AgentJudge,AgentRetryFail
web_40_5,0,1.0,1.9879750018989622e-10,0.9993487830570951,0.0006512167441073571,0.9999999998012025,1,keep_AgentJudge,AgentRetryFail
web_41_1,1,1.0,0.008805462443639542,0.9833395186549518,0.007855018901408618,0.9911945375563604,1,keep_AgentJudge,AgentRetryFail
web_41_2,0,0.0,0.999999998631981,1.1153285964394688e-09,2.526905406515789e-10,1.3680191370910476e-09,0,keep_EnvFail_or_AgentFail,
web_41_3,0,0.0,0.9999999999992355,6.898709540604895e-13,7.468372393647963e-14,7.645546779969691e-13,0,keep_EnvFail_or_AgentFail,
web_41_4,0,1.0,0.0006347616351480191,0.9966950989249462,0.0026701394399057973,0.999365238364852,1,keep_AgentJudge,AgentRetryFail
web_41_5,0,0.0,0.0003219299963371104,0.9575436942272376,0.04213437577642531,0.9996780700036629,1,flip_to_AgentRetryFail,AgentRetryFail
web_42_1,0,1.0,0.0015755525667833618,0.9848398918726732,0.013584555560543228,0.9984244474332165,1,keep_AgentJudge,AgentRetryFail
web_42_2,1,1.0,0.008805462443639542,0.9833395186549518,0.007855018901408618,0.9911945375563604,1,keep_AgentJudge,AgentRetryFail
web_42_3,1,1.0,0.008805462443639542,0.9833395186549518,0.007855018901408618,0.9911945375563604,1,keep_AgentJudge,AgentRetryFail
web_42_4,0,0.0,0.9999999999350548,2.5877584429492304e-11,3.906754801698219e-11,6.49451324464745e-11,0,keep_EnvFail_or_AgentFail,
web_42_5,1,0.0,0.0004245734325579982,0.928988486404767,0.070586940162675,0.999575426567442,1,flip_to_AgentRetryFail,AgentRetryFail
web_43_1,1,1.0,0.008805462443639542,0.9833395186549518,0.007855018901408618,0.9911945375563604,1,keep_AgentJudge,AgentRetryFail
web_43_2,1,1.0,0.0008610125263668477,0.9945382318776455,0.004600755595987651,0.9991389874736331,1,keep_AgentJudge,AgentRetryFail
web_43_3,0,0.0,1.0,4.857599342611387e-21,2.4041159504145362e-23,4.881640502115533e-21,0,keep_EnvFail_or_AgentFail,
web_43_4,0,1.0,0.0008610125263668477,0.9945382318776455,0.004600755595987651,0.9991389874736331,1,keep_AgentJudge,AgentRetryFail
web_43_5,0,,1.0,1.4944837259306e-31,5.153168027284149e-37,1.4944888790986274e-31,0,from_model,
web_44_1,1,1.0,0.008805462443639542,0.9833395186549518,0.007855018901408618,0.9911945375563604,1,keep_AgentJudge,AgentRetryFail
web_44_2,1,0.0,0.051165352709112544,0.5662820971564644,0.3825525501344231,0.9488346472908875,1,flip_to_AgentRetryFail,AgentRetryFail
web_44_3,1,0.0,0.007037159329441094,0.592618620556105,0.4003442201144538,0.9929628406705588,1,flip_to_AgentRetryFail,AgentRetryFail
web_44_4,1,0.0,0.01917418011091781,0.5853750216835409,0.39545079820554124,0.9808258198890822,1,flip_to_AgentRetryFail,AgentRetryFail
web_44_5,1,0.0,0.01917418011091781,0.5853750216835409,0.39545079820554124,0.9808258198890822,1,flip_to_AgentRetryFail,AgentRetryFail
web_45_1,0,1.0,0.00011420765948317576,0.9758665475209272,0.024019244819589693,0.9998857923405169,1,keep_AgentJudge,AgentRetryFail
web_45_2,0,1.0,1.1282187455528611e-05,0.984539307507624,0.015449410304920488,0.9999887178125445,1,keep_AgentJudge,AgentRetryFail
web_45_3,1,1.0,0.032058869964366854,0.954771330263494,0.013169799772139074,0.9679411300356331,1,keep_AgentJudge,AgentRetryFail
web_46_1,1,1.0,5.947498820314889e-06,0.999096402797485,0.0008976497036947138,0.9999940525011797,1,keep_AgentJudge,AgentRetryFail
web_46_2,1,0.0,3.420877696573196e-08,0.9649653233538099,0.035034642437413194,0.9999999657912231,1,flip_to_AgentRetryFail,AgentRetryFail
web_46_3,0,0.0,0.9999999999999785,2.1307070144829807e-14,1.3206948662863888e-16,2.1439139631458446e-14,0,keep_EnvFail_or_AgentFail,
web_46_4,0,1.0,0.00016955136136846043,0.9982816724761618,0.0015487761624696091,0.9998304486386315,1,keep_AgentJudge,AgentRetryFail
web_46_5,1,1.0,0.032058869964366854,0.954771330263494,0.013169799772139074,0.9679411300356331,1,keep_AgentJudge,AgentRetryFail
web_47_1,1,1.0,0.0032102312340552,0.9888904087738182,0.007899359992126683,0.9967897687659448,1,keep_AgentJudge,AgentRetryFail
web_47_2,1,1.0,0.0008610125263668477,0.9945382318776455,0.004600755595987651,0.9991389874736331,1,keep_AgentJudge,AgentRetryFail
web_47_3,1,1.0,2.016574242305701e-08,0.999698751012104,0.00030122882215364346,0.9999999798342577,1,keep_AgentJudge,AgentRetryFail
web_47_4,0,0.0,0.9999999999999998,1.9186397322252875e-16,4.945140393500406e-17,2.413153771575328e-16,0,keep_EnvFail_or_AgentFail,
web_47_5,0,0.0,0.9999688117826502,2.093214654722799e-05,1.0256070802736485e-05,3.118821734996447e-05,0,keep_EnvFail_or_AgentFail,
web_48_1,1,0.0,3.473898580139566e-07,0.9354368313619217,0.06456282124822035,0.999999652610142,1,flip_to_AgentRetryFail,AgentRetryFail
web_48_2,0,0.0,1.0,3.4809554321502396e-24,6.572931465435685e-27,3.487528363615675e-24,0,keep_EnvFail_or_AgentFail,
web_48_3,1,0.0,0.00011673203473123371,0.9577402435165535,0.04214302444871513,0.9998832679652686,1,flip_to_AgentRetryFail,AgentRetryFail
web_48_4,1,0.0,4.253009182444627e-05,0.6711270498804924,0.32883042002768315,0.9999574699081756,1,flip_to_AgentRetryFail,AgentRetryFail
web_48_5,1,1.0,0.0008610125263668477,0.9945382318776455,0.004600755595987651,0.9991389874736331,1,keep_AgentJudge,AgentRetryFail
web_49_1,1,0.0,0.014245664025691792,0.8036729678461898,0.1820813681281183,0.9857543359743081,1,flip_to_AgentRetryFail,AgentRetryFail
web_49_2,1,0.0,0.005211756548479936,0.811038197669179,0.1837500457823411,0.9947882434515201,1,flip_to_AgentRetryFail,AgentRetryFail
web_49_3,1,0.0,0.0003219299963371104,0.9575436942272376,0.04213437577642531,0.9996780700036629,1,flip_to_AgentRetryFail,AgentRetryFail
web_49_4,1,0.0,3.7638923670860053e-07,0.0010449539082329953,0.9989546697025302,0.9999996236107632,1,flip_to_AgentReasoningFail,AgentReasoningFail
web_49_5,1,0.0,0.0009305485094091866,0.5962631590345001,0.4028062924560906,0.9990694514905907,1,flip_to_AgentRetryFail,AgentRetryFail
web_4_1,1,1.0,0.00016955136136846043,0.9982816724761618,0.0015487761624696091,0.9998304486386315,1,keep_AgentJudge,AgentRetryFail
web_4_2,1,1.0,0.008805462443639542,0.9833395186549518,0.007855018901408618,0.9911945375563604,1,keep_AgentJudge,AgentRetryFail
web_4_3,1,0.0,3.030668603988121e-08,0.8102937072897884,0.18970626240352556,0.999999969693314,1,flip_to_AgentRetryFail,AgentRetryFail
web_4_4,1,1.0,0.0023714444739768976,0.9930347550467133,0.004593800479309744,0.9976285555260231,1,keep_AgentJudge,AgentRetryFail
web_4_5,1,1.0,0.008805462443639542,0.9833395186549518,0.007855018901408618,0.9911945375563604,1,keep_AgentJudge,AgentRetryFail
web_50_1,0,1.0,3.483275854025773e-07,0.9920748539988377,0.007924797673576974,0.9999996516724147,1,keep_AgentJudge,AgentRetryFail
web_50_2,0,1.0,0.008805462443639542,0.9833395186549518,0.007855018901408618,0.9911945375563604,1,keep_AgentJudge,AgentRetryFail
web_50_3,0,0.0,4.227049834572746e-13,0.9718272009387998,0.028172799060777364,0.9999999999995772,1,flip_to_AgentRetryFail,AgentRetryFail
web_50_4,0,0.0,0.9999974268499237,1.8495623584174982e-06,7.235877179933282e-07,2.573150076410826e-06,0,keep_EnvFail_or_AgentFail,
web_51_1,0,0.0,1.0,5.662969403269244e-22,1.2830109483193163e-22,6.94598035158856e-22,0,keep_EnvFail_or_AgentFail,
web_51_2,0,0.0,1.0,7.333386895217174e-22,7.955095459146551e-23,8.128896441131829e-22,0,keep_EnvFail_or_AgentFail,
web_51_3,0,0.0,1.0,1.6726121418678668e-20,5.747325523937121e-20,7.419937665804987e-20,0,keep_EnvFail_or_AgentFail,
web_51_4,0,0.0,0.9999977202502889,1.3605968658951678e-06,9.191528451398065e-07,2.2797497110349744e-06,0,keep_EnvFail_or_AgentFail,
web_51_5,0,0.0,1.0,1.9254136752136693e-31,1.5897745935565882e-31,3.5151882687702574e-31,0,keep_EnvFail_or_AgentFail,
web_52_1,0,0.0,0.004161508633458591,0.8803343081460594,0.11550418322048196,0.9958384913665413,1,flip_to_AgentRetryFail,AgentRetryFail
web_52_2,0,0.0,0.004161508633458591,0.8803343081460594,0.11550418322048196,0.9958384913665413,1,flip_to_AgentRetryFail,AgentRetryFail
web_52_3,0,0.0,0.007990882667528672,0.41440365353800174,0.5776054637944696,0.9920091173324714,1,flip_to_AgentReasoningFail,AgentReasoningFail
web_52_4,0,0.0,0.014245664025691792,0.8036729678461898,0.1820813681281183,0.9857543359743081,1,flip_to_AgentRetryFail,AgentRetryFail
web_53_1,1,1.0,3.801518675292976e-07,0.9985923486434082,0.0014072712047241975,0.9999996198481323,1,keep_AgentJudge,AgentRetryFail
web_53_2,0,1.0,0.00016955136136846043,0.9982816724761618,0.0015487761624696091,0.9998304486386315,1,keep_AgentJudge,AgentRetryFail
web_53_3,1,1.0,0.032058869964366854,0.954771330263494,0.013169799772139074,0.9679411300356331,1,keep_AgentJudge,AgentRetryFail
web_53_4,0,0.0,0.9999662619057255,2.425070725064026e-05,9.48738702393835e-06,3.373809427457861e-05,0,keep_EnvFail_or_AgentFail,
web_53_5,0,0.0,0.0009305485094091866,0.5962631590345001,0.4028062924560906,0.9990694514905907,1,flip_to_AgentRetryFail,AgentRetryFail
web_54_1,0,1.0,0.00036138767977447723,0.9938804109781963,0.005758201342029193,0.9996386123202256,1,keep_AgentJudge,AgentRetryFail
web_54_2,0,0.0,3.9927535153820534e-08,0.9477692861440338,0.05223067392843104,0.9999999600724648,1,flip_to_AgentRetryFail,AgentRetryFail
web_54_3,0,0.0,1.644900669489707e-09,0.9615663825462825,0.03843361580881702,0.9999999983550995,1,flip_to_AgentRetryFail,AgentRetryFail
web_54_4,0,0.0,1.1490750355344445e-05,0.9751395238024871,0.024848985447157437,0.9999885092496446,1,flip_to_AgentRetryFail,AgentRetryFail
web_54_5,0,0.0,0.00011673203473123371,0.9577402435165535,0.042143024448715274,0.9998832679652688,1,flip_to_AgentRetryFail,AgentRetryFail
web_55_1,0,0.0,0.0015126690642701106,0.8826759171215587,0.11581141381417119,0.9984873309357298,1,flip_to_AgentRetryFail,AgentRetryFail
web_55_2,1,0.0,9.49341190575996e-12,0.9991276304088427,0.0008723695816639727,0.9999999999905066,1,flip_to_AgentRetryFail,AgentRetryFail
web_55_3,0,1.0,1.9253044007961366e-09,0.9998415173352883,0.00015848073940728926,0.9999999980746955,1,keep_AgentJudge,AgentRetryFail
web_55_4,0,0.0,9.93706041492135e-11,0.9983429280410153,0.0016570718596141932,0.9999999999006295,1,flip_to_AgentRetryFail,AgentRetryFail
web_55_5,1,1.0,4.5252058937288704e-05,0.9990571335193046,0.0008976144217581332,0.9999547479410628,1,keep_AgentJudge,AgentRetryFail
web_56_1,1,0.0,5.582027235960579e-05,0.929331199351729,0.0706129803759115,0.9999441797276405,1,flip_to_AgentRetryFail,AgentRetryFail
web_56_2,1,0.0,4.232157771157567e-05,0.9578115177257632,0.04214616069652514,0.9999576784222883,1,flip_to_AgentRetryFail,AgentRetryFail
web_56_3,1,0.0,1.4025818695870991e-09,0.9743429438459748,0.025657054751443382,0.9999999985974182,1,flip_to_AgentRetryFail,AgentRetryFail
web_56_4,1,0.0,2.023703489349345e-05,0.9293642698104821,0.07061549315462427,0.9999797629651064,1,flip_to_AgentRetryFail,AgentRetryFail
web_56_5,1,0.0,3.959168085865009e-08,0.991526242676994,0.00847371773132516,0.9999999604083192,1,flip_to_AgentRetryFail,AgentRetryFail
web_57_1,0,0.0,0.9999999999264662,4.7215747883832694e-11,2.6318016913973867e-11,7.353376479780656e-11,0,keep_EnvFail_or_AgentFail,
web_57_2,0,0.0,0.999999999106228,4.554242996188922e-10,4.383475149702527e-10,8.937718145891449e-10,0,keep_EnvFail_or_AgentFail,
web_57_3,0,0.0,0.9999999867397957,7.913935732667922e-09,5.346268778996116e-09,1.3260204511664037e-08,0,keep_EnvFail_or_AgentFail,
web_57_4,0,0.0,0.9999999616476244,3.673590179012758e-08,1.6164737962795892e-09,3.8352375586407165e-08,0,keep_EnvFail_or_AgentFail,
web_57_5,0,0.0,0.999999998631981,1.1153285964394688e-09,2.526905406515789e-10,1.3680191370910476e-09,0,keep_EnvFail_or_AgentFail,
web_58_1,0,0.0,3.0380396375293117e-07,0.9477690360500495,0.0522306601459867,0.9999996961960361,1,flip_to_AgentRetryFail,AgentRetryFail
web_58_2,0,0.0,5.305485862946517e-13,0.9987976025076418,0.0012023974918276895,0.9999999999994695,1,flip_to_AgentRetryFail,AgentRetryFail
web_58_3,0,0.0,6.882791469537777e-07,0.7378074291841398,0.2621918825367133,0.9999993117208531,1,flip_to_AgentRetryFail,AgentRetryFail
web_58_4,1,1.0,1.2144364822305553e-06,0.9982369383706038,0.0017618471929138554,0.9999987855635176,1,keep_AgentJudge,AgentRetryFail
web_58_5,0,0.0,1.012182979565155e-12,0.9773766012893126,0.022623398709675266,0.9999999999989878,1,flip_to_AgentRetryFail,AgentRetryFail
web_59_1,1,1.0,0.008805462443639542,0.9833395186549518,0.007855018901408618,0.9911945375563604,1,keep_AgentJudge,AgentRetryFail
web_59_2,1,1.0,2.0166074248764116e-05,0.9920551933038618,0.007924640621889616,0.9999798339257514,1,keep_AgentJudge,AgentRetryFail
web_59_3,1,1.0,0.0004230852765474258,0.9916554671558323,0.00792144756762037,0.9995769147234527,1,keep_AgentJudge,AgentRetryFail
web_59_4,1,1.0,1.0970832065317124e-05,0.9973172230616676,0.0026718061062672212,0.9999890291679349,1,keep_AgentJudge,AgentRetryFail
web_59_5,1,1.0,0.0032102312340552,0.9888904087738182,0.007899359992126683,0.9967897687659448,1,keep_AgentJudge,AgentRetryFail
web_5_1,1,1.0,0.0008610125263668477,0.9945382318776455,0.004600755595987651,0.9991389874736331,1,keep_AgentJudge,AgentRetryFail
web_5_2,1,1.0,0.0015755525667833618,0.9848398918726732,0.013584555560543228,0.9984244474332165,1,keep_AgentJudge,AgentRetryFail
web_5_3,1,1.0,0.0050006201170097984,0.9781023971141809,0.01689698276880949,0.9949993798829904,1,keep_AgentJudge,AgentRetryFail
web_5_4,1,0.0,1.915225296390693e-09,0.1769359341079942,0.8230640639767804,0.9999999980847747,1,flip_to_AgentReasoningFail,AgentReasoningFail
web_5_5,0,1.0,0.9999999999998463,1.5156625551112553e-13,2.0906547714870313e-15,1.5365691028261255e-13,0,flip_to_EnvFail,
web_60_1,1,0.0,0.0007615934665190349,0.7783764677541302,0.22086193877935079,0.999238406533481,1,flip_to_AgentRetryFail,AgentRetryFail
web_60_2,0,0.0,1.0,5.39764921839571e-28,7.308545968457921e-32,5.398380072992556e-28,0,keep_EnvFail_or_AgentFail,
web_60_3,0,0.0,0.9999999986379491,1.129585157730176e-09,2.3246583465369386e-10,1.36205099238387e-09,0,keep_EnvFail_or_AgentFail,
web_60_4,0,0.0,1.0,1.0598383587100342e-21,7.314887784114606e-23,1.1329872365511803e-21,0,keep_EnvFail_or_AgentFail,
web_60_5,1,0.0,0.9999999999948399,1.3313353173942142e-12,3.828640751449223e-12,5.1599760688434374e-12,0,keep_EnvFail_or_AgentFail,
web_61_1,0,0.0,1.8563488208283424e-09,0.7116951425636072,0.28830485558004404,0.9999999981436513,1,flip_to_AgentRetryFail,AgentRetryFail
web_61_2,0,0.0,7.479047728259195e-07,0.6920109509094923,0.3079883011857349,0.9999992520952272,1,flip_to_AgentRetryFail,AgentRetryFail
web_61_3,0,0.0,4.329653689757913e-08,0.4412903396699425,0.5587096170335205,0.999999956703463,1,flip_to_AgentReasoningFail,AgentReasoningFail
web_61_4,0,,6.400372450003154e-16,0.9999337051698423,6.629483015719076e-05,0.9999999999999994,1,from_model,AgentRetryFail
web_61_5,0,0.0,2.6224591366056485e-12,0.8701236424854123,0.12987635751196533,0.9999999999973777,1,flip_to_AgentRetryFail,AgentRetryFail
web_62_1,1,0.0,1.0,2.8534537952534174e-27,1.807005037567823e-30,2.8552608002909853e-27,0,keep_EnvFail_or_AgentFail,
web_62_2,1,1.0,1.6405533103658504e-05,0.9990859541509088,0.0008976403159875062,0.9999835944668963,1,keep_AgentJudge,AgentRetryFail
web_62_3,1,1.0,4.5252058937288704e-05,0.9990571335193046,0.0008976144217581332,0.9999547479410628,1,keep_AgentJudge,AgentRetryFail
web_62_4,1,1.0,8.305062704302434e-08,0.9998988727631698,0.00010104418620326197,0.9999999169493731,1,keep_AgentJudge,AgentRetryFail
web_62_5,1,1.0,0.008805462443639542,0.9833395186549518,0.007855018901408618,0.9911945375563604,1,keep_AgentJudge,AgentRetryFail
web_63_1,1,1.0,1.2073041729731578e-05,0.9994678923074498,0.000520034650820279,0.9999879269582701,1,keep_AgentJudge,AgentRetryFail
web_63_2,1,1.0,0.008805462443639542,0.9833395186549518,0.007855018901408618,0.9911945375563604,1,keep_AgentJudge,AgentRetryFail
web_63_3,1,1.0,0.0008610125263668477,0.9945382318776455,0.004600755595987651,0.9991389874736331,1,keep_AgentJudge,AgentRetryFail
web_63_4,1,1.0,0.0008610125263668477,0.9945382318776455,0.004600755595987651,0.9991389874736331,1,keep_AgentJudge,AgentRetryFail
web_63_5,1,1.0,0.0008610125263668477,0.9945382318776455,0.004600755595987651,0.9991389874736331,1,keep_AgentJudge,AgentRetryFail
web_64_1,0,1.0,9.32049117699778e-08,0.9953951869064089,0.0046047198886791955,0.9999999067950881,1,keep_AgentJudge,AgentRetryFail
web_64_2,0,,1.9340400572340385e-15,0.9994298987635477,0.0005701012364502414,0.999999999999998,1,from_model,AgentRetryFail
web_64_3,0,0.0,1.0,7.318352799711e-26,1.160433088619519e-25,1.892268368590619e-25,0,keep_EnvFail_or_AgentFail,
web_64_4,0,0.0,5.167260956432785e-06,0.7187893229399188,0.2812055097991249,0.9999948327390438,1,flip_to_AgentRetryFail,AgentRetryFail
web_64_5,0,0.0,6.364254466965195e-09,0.5447187681664343,0.45528122546931127,0.9999999936357455,1,flip_to_AgentRetryFail,AgentRetryFail
web_65_1,0,0.0,0.0003219299963371104,0.9575436942272376,0.04213437577642531,0.9996780700036629,1,flip_to_AgentRetryFail,AgentRetryFail
web_65_2,0,0.0,1.0,4.64212250088523e-25,3.5272043517556537e-26,4.994842936060795e-25,0,keep_EnvFail_or_AgentFail,
web_65_3,0,0.0,1.0,2.991387012308572e-21,3.054610005396185e-23,3.0219331123625336e-21,0,keep_EnvFail_or_AgentFail,
web_65_4,0,0.0,0.9999999999982674,1.6894856157756086e-12,4.305230426501857e-14,1.7325379200406271e-12,0,keep_EnvFail_or_AgentFail,
web_65_5,0,1.0,0.999999999776412,2.2352079253529105e-10,6.735119454144309e-14,2.2358814372983249e-10,0,flip_to_EnvFail,
web_66_1,1,1.0,0.0032102312340552,0.9888904087738182,0.007899359992126683,0.9967897687659448,1,keep_AgentJudge,AgentRetryFail
web_66_2,1,0.0,3.280474039452665e-05,0.8152605311837685,0.18470666407583686,0.9999671952596054,1,flip_to_AgentRetryFail,AgentRetryFail
web_66_3,1,1.0,2.570983286334073e-07,0.9953950237676755,0.004604719133995854,0.9999997429016714,1,keep_AgentJudge,AgentRetryFail
web_66_4,1,1.0,0.001166179649501471,0.9909182616574874,0.007915558693011079,0.9988338203504985,1,keep_AgentJudge,AgentRetryFail
web_66_5,1,0.0,0.0002990713656644392,0.7185780667158707,0.2811228619184651,0.9997009286343357,1,flip_to_AgentRetryFail,AgentRetryFail
web_67_1,1,1.0,0.0007842879016841677,0.9764962949357954,0.022719417162520402,0.9992157120983157,1,keep_AgentJudge,AgentRetryFail
web_67_2,1,1.0,0.0023714444739768976,0.9930347550467133,0.004593800479309744,0.9976285555260231,1,keep_AgentJudge,AgentRetryFail
web_67_3,1,0.0,1.4754947152766284e-07,0.9854572005654243,0.014542651885104087,0.9999998524505284,1,flip_to_AgentRetryFail,AgentRetryFail
web_67_4,0,1.0,0.0032102312340552,0.9888904087738182,0.007899359992126683,0.9967897687659448,1,keep_AgentJudge,AgentRetryFail
web_67_5,0,0.0,0.9999999999999998,1.8944244663488687e-16,5.375371402428066e-17,2.4319616065916753e-16,0,keep_EnvFail_or_AgentFail,
web_68_1,1,0.0,9.663903100227161e-07,0.015617064607523877,0.9843819690021661,0.99999903360969,1,flip_to_AgentReasoningFail,AgentReasoningFail
web_68_2,1,0.0,0.0002990713656644392,0.7185780667158707,0.2811228619184651,0.9997009286343357,1,flip_to_AgentRetryFail,AgentRetryFail
web_68_3,1,0.0,7.045471019219708e-08,0.9794072326051596,0.020592696940130047,0.9999999295452896,1,flip_to_AgentRetryFail,AgentRetryFail
web_68_4,1,0.0,0.0007615934665190349,0.7783764677541302,0.22086193877935079,0.999238406533481,1,flip_to_AgentRetryFail,AgentRetryFail
web_68_5,1,0.0,1.9847746033103404e-07,0.9751505354706329,0.02484926605190663,0.9999998015225395,1,flip_to_AgentRetryFail,AgentRetryFail
web_69_1,1,1.0,0.008805462443639542,0.9833395186549518,0.007855018901408618,0.9911945375563604,1,keep_AgentJudge,AgentRetryFail
web_69_2,1,1.0,0.0023714444739768976,0.9930347550467133,0.004593800479309744,0.9976285555260231,1,keep_AgentJudge,AgentRetryFail
web_6_1,0,1.0,0.9976265163569407,0.0023546742588547594,1.8809384204617352e-05,0.0023734836430593766,0,flip_to_EnvFail,
web_6_2,1,1.0,0.0023714444739768976,0.9930347550467133,0.004593800479309744,0.9976285555260231,1,keep_AgentJudge,AgentRetryFail
web_6_3,0,1.0,0.0006347616351480191,0.9966950989249462,0.0026701394399057973,0.999365238364852,1,keep_AgentJudge,AgentRetryFail
web_6_4,0,0.0,0.9999999977823788,2.0610195716239362e-09,1.5660158043437132e-10,2.2176211520583074e-09,0,keep_EnvFail_or_AgentFail,
web_6_5,0,1.0,0.0006347616351480191,0.9966950989249462,0.0026701394399057973,0.999365238364852,1,keep_AgentJudge,AgentRetryFail
web_70_1,1,1.0,0.008805462443639542,0.9833395186549518,0.007855018901408618,0.9911945375563604,1,keep_AgentJudge,AgentRetryFail
web_70_2,1,1.0,4.345485883740439e-09,0.9999803693495652,1.962630494877563e-05,0.999999995654514,1,keep_AgentJudge,AgentRetryFail
web_70_3,1,1.0,0.0009962262327488313,0.9932492292749701,0.005754544492281033,0.9990037737672511,1,keep_AgentJudge,AgentRetryFail
web_70_4,1,1.0,3.0261587985519256e-05,0.9972979838474721,0.002671754564542306,0.9999697384120144,1,keep_AgentJudge,AgentRetryFail
web_70_5,1,1.0,9.537138609307184e-13,0.9999886340404237,1.1365958622697185e-05,0.9999999999990464,1,keep_AgentJudge,AgentRetryFail
web_71_1,0,1.0,0.9999812517454704,1.866192406124965e-05,8.633046855784814e-08,1.87482545298075e-05,0,flip_to_EnvFail,
web_71_2,0,0.0,1.0,1.1302425219270348e-18,2.6461279720592966e-19,1.3948553191329645e-18,0,keep_EnvFail_or_AgentFail,
web_71_3,0,0.0,1.0,2.5893449401610724e-17,2.35080886596625e-18,2.824425826757697e-17,0,keep_EnvFail_or_AgentFail,
web_71_4,0,0.0,0.9999999999900242,8.818699538075872e-12,1.1570566747051085e-12,9.975756212780981e-12,0,keep_EnvFail_or_AgentFail,
web_71_5,0,0.0,0.9999999999802687,1.9121049002809014e-11,6.102371627928094e-13,1.9731286165601822e-11,0,keep_EnvFail_or_AgentFail,
web_72_1,1,1.0,1.2986539863426565e-06,0.986392726498513,0.013605974847500578,0.9999987013460135,1,keep_AgentJudge,AgentRetryFail
web_72_2,1,0.0,9.358446237722482e-09,0.9773765921435754,0.022623398497978384,0.9999999906415538,1,flip_to_AgentRetryFail,AgentRetryFail
web_72_3,1,0.0,0.002097985661421077,0.7773354586922281,0.22056655564635078,0.9979020143385788,1,flip_to_AgentRetryFail,AgentRetryFail
web_72_4,1,1.0,1.586719672381571e-06,0.9994783731761906,0.0005200401041369477,0.9999984132803276,1,keep_AgentJudge,AgentRetryFail
web_72_5,1,1.0,0.0023714444739768976,0.9930347550467133,0.004593800479309744,0.9976285555260231,1,keep_AgentJudge,AgentRetryFail
web_73_1,1,0.0,3.0968341826456727e-06,0.9854542941711405,0.01454260899467687,0.9999969031658174,1,flip_to_AgentRetryFail,AgentRetryFail
web_73_2,1,0.0,2.6526347921840433e-15,0.9998770221423252,0.00012297785767215037,0.9999999999999973,1,flip_to_AgentRetryFail,AgentRetryFail
web_73_3,0,0.0,0.9999999982849226,1.5161510697852693e-09,1.989264638830292e-10,1.7150775336682985e-09,0,keep_EnvFail_or_AgentFail,
web_73_4,1,1.0,0.008805462443639542,0.9833395186549518,0.007855018901408618,0.9911945375563604,1,keep_AgentJudge,AgentRetryFail
web_73_5,1,0.0,0.00024955341017105534,0.8150838187511077,0.1846666278387212,0.9997504465898289,1,flip_to_AgentRetryFail,AgentRetryFail
web_74_1,0,0.0,6.176260602140717e-07,0.08518419859469081,0.9148151837792489,0.9999993823739397,1,flip_to_AgentReasoningFail,AgentReasoningFail
web_74_2,0,0.0,0.0003685681037659127,0.4853485454803605,0.5142828864158736,0.999631431896234,1,flip_to_AgentReasoningFail,AgentReasoningFail
web_74_3,1,1.0,0.008805462443639542,0.9833395186549518,0.007855018901408618,0.9911945375563604,1,keep_AgentJudge,AgentRetryFail
web_74_4,0,0.0,3.061045742986288e-13,0.8840131364451976,0.11598686355449636,0.999999999999694,1,flip_to_AgentRetryFail,AgentRetryFail
web_74_5,1,0.0,0.9999998261322163,1.0376751467051688e-07,7.010026903137153e-08,1.738677837018884e-07,0,keep_EnvFail_or_AgentFail,
web_75_1,0,0.0,1.7515571022544888e-12,0.9508157094703599,0.04918429052788864,0.9999999999982485,1,flip_to_AgentRetryFail,AgentRetryFail
web_75_2,1,1.0,0.00016955136136846043,0.9982816724761618,0.0015487761624696091,0.9998304486386315,1,keep_AgentJudge,AgentRetryFail
web_75_3,1,1.0,0.0023714444739768976,0.9930347550467133,0.004593800479309744,0.9976285555260231,1,keep_AgentJudge,AgentRetryFail
web_75_4,1,0.0,2.424674487782857e-08,0.8701236213900286,0.12987635436322642,0.999999975753255,1,flip_to_AgentRetryFail,AgentRetryFail
web_75_5,1,0.0,1.6874052854401257e-05,0.6420853235603101,0.3578978023868354,0.9999831259471454,1,flip_to_AgentRetryFail,AgentRetryFail
web_76_1,0,1.0,0.001166179649501471,0.9909182616574874,0.007915558693011079,0.9988338203504985,1,keep_AgentJudge,AgentRetryFail
web_76_2,1,1.0,0.00023021091739507007,0.9970985687497629,0.0026712203328420813,0.9997697890826049,1,keep_AgentJudge,AgentRetryFail
web_76_3,0,0.0,0.9999999775119025,1.987977356538542e-08,2.608323891310845e-09,2.2488097456696267e-08,0,keep_EnvFail_or_AgentFail,
web_76_4,0,0.0,0.9999999616476244,3.673590179012758e-08,1.6164737962795892e-09,3.8352375586407165e-08,0,keep_EnvFail_or_AgentFail,
web_76_5,0,0.0,0.9999999999968514,3.12200631648833e-12,2.668108935766638e-14,3.1486874058459965e-12,0,keep_EnvFail_or_AgentFail,
web_77_1,1,1.0,0.008805462443639542,0.9833395186549518,0.007855018901408618,0.9911945375563604,1,keep_AgentJudge,AgentRetryFail
web_77_2,1,1.0,0.9999999999108806,8.898135409518488e-11,1.3804941423502036e-13,8.91194035094199e-11,0,flip_to_EnvFail,
web_77_3,1,1.0,0.0023714444739768976,0.9930347550467133,0.004593800479309744,0.9976285555260231,1,keep_AgentJudge,AgentRetryFail
web_77_4,0,0.0,1.80797859391472e-10,0.9955245191145531,0.004475480704649014,0.9999999998192021,1,flip_to_AgentRetryFail,AgentRetryFail
web_77_5,0,0.0,1.4254533186288724e-14,0.9999878400506794,1.215994930644918e-05,0.9999999999999859,1,flip_to_AgentRetryFail,AgentRetryFail
web_78_1,1,1.0,0.008805462443639542,0.9833395186549518,0.007855018901408618,0.9911945375563604,1,keep_AgentJudge,AgentRetryFail
web_78_2,0,0.0,5.3157337889800274e-11,0.9994946130926531,0.0005053868541895374,0.9999999999468426,1,flip_to_AgentRetryFail,AgentRetryFail
web_78_3,0,,4.1419925068175675e-17,0.9999994113249501,5.886750499195041e-07,1.0,1,from_model,AgentRetryFail
web_78_4,0,0.0,2.8189879858671783e-10,0.9461206231036989,0.05387937661440209,0.999999999718101,1,flip_to_AgentRetryFail,AgentRetryFail
web_78_5,0,0.0,6.717135122388589e-13,0.4453028616674987,0.5546971383318297,0.9999999999993283,1,flip_to_AgentReasoningFail,AgentReasoningFail
web_79_1,1,1.0,0.0003123110732963875,0.9950844067139866,0.00460328221271705,0.9996876889267036,1,keep_AgentJudge,AgentRetryFail
web_79_2,1,1.0,8.346975322754292e-05,0.9972449178456906,0.002671612401081862,0.9999165302467724,1,keep_AgentJudge,AgentRetryFail
web_79_3,1,0.0,1.1226859420203124e-06,0.9854562396100263,0.014542637704031764,0.999998877314058,1,flip_to_AgentRetryFail,AgentRetryFail
web_79_4,1,0.0,3.1695684787494796e-05,0.975119820945946,0.02484848336926652,0.9999683043152124,1,flip_to_AgentRetryFail,AgentRetryFail
web_79_5,1,0.0,6.838515844885574e-10,0.9915262812551293,0.008473718061019122,0.9999999993161485,1,flip_to_AgentRetryFail,AgentRetryFail
web_7_1,1,1.0,0.0008610125263668477,0.9945382318776455,0.004600755595987651,0.9991389874736331,1,keep_AgentJudge,AgentRetryFail
web_7_2,1,1.0,0.008805462443639542,0.9833395186549518,0.007855018901408618,0.9911945375563604,1,keep_AgentJudge,AgentRetryFail
web_7_3,1,1.0,0.0006347616351480191,0.9966950989249462,0.0026701394399057973,0.999365238364852,1,keep_AgentJudge,AgentRetryFail
web_7_4,1,1.0,0.008805462443639542,0.9833395186549518,0.007855018901408618,0.9911945375563604,1,keep_AgentJudge,AgentRetryFail
web_7_5,1,1.0,0.0006347616351480191,0.9966950989249462,0.0026701394399057973,0.999365238364852,1,keep_AgentJudge,AgentRetryFail
web_80_1,1,1.0,0.0023714444739768976,0.9930347550467133,0.004593800479309744,0.9976285555260231,1,keep_AgentJudge,AgentRetryFail
web_80_2,1,1.0,0.0003123110732963875,0.9950844067139866,0.00460328221271705,0.9996876889267036,1,keep_AgentJudge,AgentRetryFail
web_80_3,1,1.0,4.5252058937288704e-05,0.9990571335193046,0.0008976144217581332,0.9999547479410628,1,keep_AgentJudge,AgentRetryFail
web_80_4,0,1.0,2.230456620066483e-09,0.9998015235275755,0.0001984742419678438,0.9999999977695433,1,keep_AgentJudge,AgentRetryFail
web_80_5,0,1.0,3.010803511750431e-08,0.9998989257004123,0.0001010441915528037,0.999999969891965,1,keep_AgentJudge,AgentRetryFail
web_81_1,1,1.0,0.013673580278009334,0.969576720319742,0.01674969940224876,0.9863264197219908,1,keep_AgentJudge,AgentRetryFail
web_81_2,0,0.0,0.9999999873896378,6.830944702039545e-09,5.779417579007812e-09,1.2610362281047356e-08,0,keep_EnvFail_or_AgentFail,
web_81_3,1,1.0,0.0015576376603813973,0.9860871809691488,0.012355181370469674,0.9984423623396185,1,keep_AgentJudge,AgentRetryFail
web_81_4,1,1.0,0.0015576376603813973,0.9860871809691488,0.012355181370469674,0.9984423623396185,1,keep_AgentJudge,AgentRetryFail
web_82_1,1,1.0,0.0023714444739768976,0.9930347550467133,0.004593800479309744,0.9976285555260231,1,keep_AgentJudge,AgentRetryFail
web_82_2,1,1.0,0.0008610125263668477,0.9945382318776455,0.004600755595987651,0.9991389874736331,1,keep_AgentJudge,AgentRetryFail
web_82_3,1,1.0,0.0023714444739768976,0.9930347550467133,0.004593800479309744,0.9976285555260231,1,keep_AgentJudge,AgentRetryFail
web_82_4,0,0.0,1.0,3.134499183994732e-26,2.4611338866510885e-27,3.3806125726598406e-26,0,keep_EnvFail_or_AgentFail,
web_82_5,0,0.0,0.9999999820625324,1.4624189161149783e-08,3.3132785060106094e-09,1.7937467667160393e-08,0,keep_EnvFail_or_AgentFail,
web_83_1,0,0.0,3.300081652429143e-07,0.39845289269377543,0.6015467772980594,0.9999996699918348,1,flip_to_AgentReasoningFail,AgentReasoningFail
web_83_2,1,0.0,5.841792413634881e-10,0.993839794817046,0.006160204598774825,0.9999999994158209,1,flip_to_AgentRetryFail,AgentRetryFail
web_83_3,0,0.0,0.0015126690642701106,0.8826759171215587,0.11581141381417119,0.9984873309357298,1,flip_to_AgentRetryFail,AgentRetryFail
web_83_4,1,1.0,0.0023714444739768976,0.9930347550467133,0.004593800479309744,0.9976285555260231,1,keep_AgentJudge,AgentRetryFail
web_83_5,0,0.0,0.0004245734325579982,0.928988486404767,0.070586940162675,0.999575426567442,1,flip_to_AgentRetryFail,AgentRetryFail
web_84_1,1,1.0,0.0013481252857174238,0.9887599761317596,0.00989189858252296,0.9986518747142825,1,keep_AgentJudge,AgentRetryFail
web_84_2,1,0.0,2.663053458591828e-10,0.651199714508255,0.3488002852254396,0.9999999997336946,1,flip_to_AgentRetryFail,AgentRetryFail
web_84_3,1,0.0,0.00011730711859650215,0.6710768628606575,0.32880583002074604,0.9998826928814035,1,flip_to_AgentRetryFail,AgentRetryFail
web_84_4,1,0.0,0.0009305485094091866,0.5962631590345001,0.4028062924560906,0.9990694514905907,1,flip_to_AgentRetryFail,AgentRetryFail
web_84_5,1,1.0,0.0004891511967199425,0.9896104418658553,0.009900406937424722,0.99951084880328,1,keep_AgentJudge,AgentRetryFail
web_85_1,1,0.0,5.562330172799538e-06,0.9578467276465783,0.04214771002324902,0.9999944376698273,1,flip_to_AgentRetryFail,AgentRetryFail
web_85_2,1,1.0,0.0006347616351480191,0.9966950989249462,0.0026701394399057973,0.999365238364852,1,keep_AgentJudge,AgentRetryFail
web_85_3,1,0.0,4.035884134352226e-16,0.9999992079430745,7.920569250579679e-07,0.9999999999999996,1,flip_to_AgentRetryFail,AgentRetryFail
web_85_4,1,0.0,2.0237034893493415e-05,0.9293642698104823,0.07061549315462415,0.9999797629651064,1,flip_to_AgentRetryFail,AgentRetryFail
web_86_1,0,0.0,0.014245664025691792,0.8036729678461898,0.1820813681281183,0.9857543359743081,1,flip_to_AgentRetryFail,AgentRetryFail
web_86_2,0,0.0,1.5343097383332384e-05,0.9578373591186007,0.04214729778401596,0.9999846569026166,1,flip_to_AgentRetryFail,AgentRetryFail
web_86_3,1,0.0,0.9999999999999942,5.385839760774671e-15,3.71724736602678e-16,5.757564497377349e-15,0,keep_EnvFail_or_AgentFail,
web_86_4,1,0.0,0.0004245734325579981,0.9289884864047668,0.07058694016267512,0.9995754265674419,1,flip_to_AgentRetryFail,AgentRetryFail
web_86_5,0,0.0,7.336551294949861e-06,0.9293762593016337,0.07061640414707143,0.9999926634487051,1,flip_to_AgentRetryFail,AgentRetryFail
web_87_1,1,1.0,0.0050006201170097984,0.9781023971141809,0.01689698276880949,0.9949993798829904,1,keep_AgentJudge,AgentRetryFail
web_87_2,1,1.0,0.008805462443639542,0.9833395186549518,0.007855018901408618,0.9911945375563604,1,keep_AgentJudge,AgentRetryFail
web_87_3,1,1.0,0.0023714444739768976,0.9930347550467133,0.004593800479309744,0.9976285555260231,1,keep_AgentJudge,AgentRetryFail
web_87_4,1,0.0,5.562330172799537e-06,0.9578467276465781,0.042147710023249164,0.9999944376698272,1,flip_to_AgentRetryFail,AgentRetryFail
web_87_5,1,1.0,1.9002142963424192e-05,0.9988570455859515,0.0011239522710850423,0.9999809978570365,1,keep_AgentJudge,AgentRetryFail
web_88_1,0,0.0,0.9999999999994937,3.6396221672800073e-13,1.423896786390809e-13,5.063518953670816e-13,0,keep_EnvFail_or_AgentFail,
web_88_2,0,0.0,1.6922220492730668e-06,0.9950735045666641,0.004924803211286684,0.9999983077779507,1,flip_to_AgentRetryFail,AgentRetryFail
web_88_3,0,0.0,8.309696669283893e-07,0.991525458004922,0.008473711025411192,0.9999991690303331,1,flip_to_AgentRetryFail,AgentRetryFail
web_88_4,0,0.0,8.54232542168747e-06,0.9854489278717966,0.014542529802781753,0.9999914576745783,1,flip_to_AgentRetryFail,AgentRetryFail
web_88_5,1,1.0,0.0008610125263668477,0.9945382318776455,0.004600755595987651,0.9991389874736331,1,keep_AgentJudge,AgentRetryFail
web_89_1,0,0.0,0.9999999616476244,3.673590179012758e-08,1.6164737962795892e-09,3.8352375586407165e-08,0,keep_EnvFail_or_AgentFail,
web_89_2,1,1.0,0.0008610125263668477,0.9945382318776455,0.004600755595987651,0.9991389874736331,1,keep_AgentJudge,AgentRetryFail
web_89_3,1,0.0,0.0005489115723346625,0.8835278914047773,0.11592319702288804,0.9994510884276653,1,flip_to_AgentRetryFail,AgentRetryFail
web_89_4,1,1.0,0.0006347616351480191,0.9966950989249462,0.0026701394399057973,0.999365238364852,1,keep_AgentJudge,AgentRetryFail
web_89_5,0,0.0,3.382113713572622e-08,0.9938397617848346,0.006160204394028342,0.9999999661788629,1,flip_to_AgentRetryFail,AgentRetryFail
web_8_1,1,1.0,0.0032102312340552,0.9888904087738182,0.007899359992126683,0.9967897687659448,1,keep_AgentJudge,AgentRetryFail
web_8_2,1,1.0,1.6744853210099444e-07,0.9985769852074665,0.001422847344001311,0.9999998325514678,1,keep_AgentJudge,AgentRetryFail
web_8_3,0,0.0,0.00033754850820310315,0.596617072422102,0.4030453790696948,0.9996624514917969,1,flip_to_AgentRetryFail,AgentRetryFail
web_8_4,1,0.0,0.00033754850820310315,0.596617072422102,0.4030453790696948,0.9996624514917969,1,flip_to_AgentRetryFail,AgentRetryFail
web_8_5,0,0.0,0.999999999038258,5.209689129042875e-10,4.407731323687413e-10,9.617420452730287e-10,0,keep_EnvFail_or_AgentFail,
web_90_1,1,1.0,0.0023714444739768976,0.9930347550467133,0.004593800479309744,0.9976285555260231,1,keep_AgentJudge,AgentRetryFail
web_90_2,1,1.0,0.0023714444739768976,0.9930347550467133,0.004593800479309744,0.9976285555260231,1,keep_AgentJudge,AgentRetryFail
web_90_3,0,0.0,1.0,1.6738636491868323e-17,3.7923309044555735e-18,2.0530967396323896e-17,0,keep_EnvFail_or_AgentFail,
web_90_4,0,0.0,1.0,2.0048110461900625e-22,2.9585525503719543e-24,2.034396571693782e-22,0,keep_EnvFail_or_AgentFail,
web_90_5,0,0.0,0.9999999850332228,1.075801530534423e-08,4.208761986047161e-09,1.496677729139139e-08,0,keep_EnvFail_or_AgentFail,
web_91_1,1,1.0,0.00011324351219096141,0.9952825576246486,0.004604198863160299,0.9998867564878089,1,keep_AgentJudge,AgentRetryFail
web_91_2,1,1.0,4.105671124217019e-05,0.9953544120255684,0.004604531263189313,0.9999589432887577,1,keep_AgentJudge,AgentRetryFail
web_92_1,1,1.0,7.119105986723784e-05,0.997989680198283,0.001939128741849466,0.9999288089401325,1,keep_AgentJudge,AgentRetryFail
web_92_2,1,0.0,5.239102348412683e-13,0.9989076798824954,0.0010923201169806985,0.9999999999994761,1,flip_to_AgentRetryFail,AgentRetryFail
web_92_3,0,0.0,1.0,8.95100737582264e-25,2.092831684996989e-28,8.953100207507638e-25,0,keep_EnvFail_or_AgentFail,
web_92_4,1,1.0,6.024777336709286e-10,0.9998734542998157,0.00012654509770665916,0.9999999993975224,1,keep_AgentJudge,AgentRetryFail
web_92_5,1,1.0,1.3307066993446437e-14,0.9999987216016207,1.2783983659269065e-06,0.9999999999999867,1,keep_AgentJudge,AgentRetryFail
web_93_1,1,1.0,0.0006347616351480191,0.9966950989249462,0.0026701394399057973,0.999365238364852,1,keep_AgentJudge,AgentRetryFail
web_93_2,1,0.0,7.21752746805421e-05,0.883949332554524,0.11597849217079538,0.9999278247253194,1,flip_to_AgentRetryFail,AgentRetryFail
web_93_3,1,1.0,6.147346588089331e-05,0.9983895829547955,0.001548943579323586,0.9999385265341191,1,keep_AgentJudge,AgentRetryFail
web_93_4,0,0.0,2.144040755785717e-11,0.9998918978265647,0.00010810215199505282,0.9999999999785598,1,flip_to_AgentRetryFail,AgentRetryFail
web_93_5,1,1.0,2.8129104336747876e-14,0.9999956635329704,4.336467001357399e-06,0.9999999999999718,1,keep_AgentJudge,AgentRetryFail
web_94_1,0,1.0,0.008805462443639542,0.9833395186549518,0.007855018901408618,0.9911945375563604,1,keep_AgentJudge,AgentRetryFail
web_94_2,0,0.0,1.0,4.018221767967932e-21,2.714514536236636e-21,6.732736304204568e-21,0,keep_EnvFail_or_AgentFail,
web_94_3,0,1.0,0.9998185861252838,0.00017997620596301808,1.437668753084439e-06,0.00018141387471610253,0,flip_to_EnvFail,
web_94_4,0,0.0,1.0,8.811140549325827e-31,1.1560648982702963e-31,9.967205447596123e-31,0,keep_EnvFail_or_AgentFail,
web_94_5,0,1.0,0.9999999999997924,2.0603554974729093e-13,1.6458335162211519e-15,2.0768138326351207e-13,0,flip_to_EnvFail,
web_95_1,0,0.0,0.00024955341017105534,0.8150838187511077,0.1846666278387212,0.9997504465898289,1,flip_to_AgentRetryFail,AgentRetryFail
web_95_2,0,0.0,0.999999998631981,1.1153285964394688e-09,2.526905406515789e-10,1.3680191370910476e-09,0,keep_EnvFail_or_AgentFail,
web_95_3,0,0.0,0.9999999999990161,9.142715794122327e-13,6.946871162866868e-14,9.837402910409013e-13,0,keep_EnvFail_or_AgentFail,
web_95_4,1,0.0,0.9999999999999998,1.4294531771790534e-16,5.778900233831632e-17,2.0073432005622164e-16,0,keep_EnvFail_or_AgentFail,
web_95_5,0,1.0,0.9999973658106481,2.6301088905670092e-06,4.0804615237557775e-09,2.634189352090765e-06,0,flip_to_EnvFail,
web_96_1,1,1.0,0.013673580278009334,0.969576720319742,0.01674969940224876,0.9863264197219908,1,keep_AgentJudge,AgentRetryFail
web_96_2,0,0.0,0.9999999988585435,8.204709297615862e-10,3.2098549424092327e-10,1.1414564240025095e-09,0,keep_EnvFail_or_AgentFail,
web_96_3,0,0.0,0.9999999982849226,1.5161510697852693e-09,1.989264638830292e-10,1.7150775336682985e-09,0,keep_EnvFail_or_AgentFail,
web_96_4,0,0.0,7.21752746805422e-05,0.8839493325545239,0.11597849217079566,0.9999278247253196,1,flip_to_AgentRetryFail,AgentRetryFail
web_96_5,0,1.0,0.0032102312340552,0.9888904087738182,0.007899359992126683,0.9967897687659448,1,keep_AgentJudge,AgentRetryFail
web_97_1,1,1.0,0.0023714444739768976,0.9930347550467133,0.004593800479309744,0.9976285555260231,1,keep_AgentJudge,AgentRetryFail
web_97_2,1,0.0,0.014245664025691792,0.8036729678461898,0.1820813681281183,0.9857543359743081,1,flip_to_AgentRetryFail,AgentRetryFail
web_97_3,0,0.0,0.999999999999901,9.478637040587411e-14,4.170843140884145e-15,9.895721354675826e-14,0,keep_EnvFail_or_AgentFail,
web_98_1,1,1.0,0.0023714444739768976,0.9930347550467133,0.004593800479309744,0.9976285555260231,1,keep_AgentJudge,AgentRetryFail
web_98_2,1,1.0,0.0006347616351480191,0.9966950989249462,0.0026701394399057973,0.999365238364852,1,keep_AgentJudge,AgentRetryFail
web_98_3,1,1.0,0.008805462443639542,0.9833395186549518,0.007855018901408618,0.9911945375563604,1,keep_AgentJudge,AgentRetryFail
web_98_4,1,1.0,0.008805462443639542,0.9833395186549518,0.007855018901408618,0.9911945375563604,1,keep_AgentJudge,AgentRetryFail
web_98_5,1,1.0,0.0023714444739768976,0.9930347550467133,0.004593800479309744,0.9976285555260231,1,keep_AgentJudge,AgentRetryFail
web_99_1,1,1.0,3.2204417636124655e-06,0.9996955517000982,0.0003012278581382465,0.9999967795582364,1,keep_AgentJudge,AgentRetryFail
web_99_2,1,1.0,4.5252058937288704e-05,0.9990571335193046,0.0008976144217581332,0.9999547479410628,1,keep_AgentJudge,AgentRetryFail
web_99_3,1,0.0,1.5630346257749107e-06,0.8152860021489771,0.18471243481639724,0.9999984369653743,1,flip_to_AgentRetryFail,AgentRetryFail
web_99_4,1,0.0,0.0009305485094091866,0.5962631590345001,0.4028062924560906,0.9990694514905907,1,flip_to_AgentRetryFail,AgentRetryFail
web_9_1,1,1.0,0.008805462443639542,0.9833395186549518,0.007855018901408618,0.9911945375563604,1,keep_AgentJudge,AgentRetryFail
web_9_2,1,1.0,8.346975322754292e-05,0.9972449178456906,0.002671612401081862,0.9999165302467724,1,keep_AgentJudge,AgentRetryFail
web_9_3,1,1.0,0.008805462443639542,0.9833395186549518,0.007855018901408618,0.9911945375563604,1,keep_AgentJudge,AgentRetryFail
web_9_4,1,1.0,0.008805462443639542,0.9833395186549518,0.007855018901408618,0.9911945375563604,1,keep_AgentJudge,AgentRetryFail
web_9_5,1,1.0,0.008805462443639542,0.9833395186549518,0.007855018901408618,0.9911945375563604,1,keep_AgentJudge,AgentRetryFail
